,?,TRIMBLE 5700
TRIMBLE 4000,?,TRIMBLE 4000S
TRIMBLE4700,?,TRIMBLE 4700
TRIMBLE5700,?,TRIMBLE 5700
TRIMBLE5800,?,TRIMBLE 5800
TRIMBLE5800II,?,TRIMBLE 5800
TPS GB1000,?,TPS GB-1000
TRIMBLENETR9,?,TRIMBLE NETR9
TRIMBLENETR8 ,?,TRIMBLE NETR8
TRIMBLENETRS ,?,TRIMBLE NETRS
TRIMBLENETR5 ,?,TRIMBLE NETR5
TOPCON ,?,TOPCON GP-R1
5700,?,TRIMBLE 5700
LEICA GS15 ,?,LEICA GR10
R4 ,?,TRIMBLE R7
TOPCON ,?,TOPCON GP-R1
R4-3 ,?,TRIMBLE R7
LEICA GX1230+ GNSS ,?,LEICA GX1230+GNSS
R8 MODEL 3 ,?,TRIMBLE R8
4700,?,TRIMBLE 4700
TRIMBLE R8 MODEL 3 ,?,TRIMBLE R8
Unknown!,?,TRIMBLE 5700
